Workbook

Sheet Prices
A1: ตารางราคา (แก้ไขได้ — ช่องเหลืองคือค่าที่ปรับได้)
A3: Markup กระดาษ | B3: 1.2
A4: เผื่อเสีย/ด้าน (ใบพิมพ์) | B4: 300
A5: ค่าเพลท ตัด4 (บ./สี) | B5: 300
A6: ค่าเพลท ตัด2 (บ./สี) | B6: 600
A9: เรตค่าพิมพ์ (บ./สี)
A10: คีย์ | B10: เหมา/สี | C10: ช่วงเหมา (ใบ) | D10: เกิน (บ./ใบ)
A11: cut4_conventional | B11: 900 | C11: 10000 | D11: 0.1
A12: cut4_uv | B12: 1500 | C12: 1000 | D12: 1
A13: cut2_conventional | B13: 1200 | C13: 10000 | D13: 0.2
A14: cut2_uv | B14: 2000 | C14: 10000 | D14: 1.5
A17: วัสดุ (กระดาษ = คิดตามแกรม×บ./กก.; สติ๊กเกอร์ = บ./ตร.ซม. รวม markup แล้ว)
A18: ชื่อวัสดุ | B18: ชนิด | C18: บ./กก. | D18: บ./ตร.ซม. | E18: หมึก
A19: อาร์ตมัน | B19: paper | C19: 32 | E19: conventional
A20: อาร์ตด้าน | B20: paper | C20: 32 | E20: conventional
A21: อาร์ตการ์ด 2 หน้า | B21: paper | C21: 34 | E21: conventional
A22: อาร์ตการ์ด 1 หน้า (ไอวอรี่) | B22: paper | C22: 32 | E22: conventional
A23: กระดาษการ์ดขาว | B23: paper | C23: 34.5 | E23: conventional
A24: กระดาษปอนด์ | B24: paper | C24: 30 | E24: conventional
A25: กล่องแป้งหลังเทา | B25: paper | C25: 23 | E25: conventional
A26: ไวท์คราฟท์ | B26: paper | C26: 40 | E26: conventional
A27: สติ๊กเกอร์กระดาษ | B27: sticker | D27: 0.002911 | E27: conventional
A28: สติ๊กเกอร์ PVC | B28: sticker | D28: 0.004528 | E28: uv
A29: สติ๊กเกอร์ PP ขาวเงา | B29: sticker | D29: 0.00372 | E29: uv
A30: สติ๊กเกอร์ PP ขาวด้าน | B30: sticker | D30: 0.003922 | E30: uv
A31: สติ๊กเกอร์ PP ขาวเงา หลังขาว | B31: sticker | D31: 0.002385 | E31: uv
A32: สติ๊กเกอร์ PP ขาวด้าน หลังขาว | B32: sticker | D32: 0.002102 | E32: uv
A33: สติ๊กเกอร์ PET | B33: sticker | D33: 0.005175 | E33: uv
A34: สติ๊กเกอร์ฟอยล์ | B34: sticker | D34: 0.007278 | E34: uv
A37: อิงค์เจ็ท (บ./ตร.ม.)
A38: ไวนิล: ช่วง(≤ตร.ม.) / 720 / 1440
A39: 10 | B39: 180 | C39: 220
A40: 100000 | B40: 120 | C40: 150
A41: สติ๊กเกอร์ PVC ใหญ่: ช่วง / 720 / 1440
A42: 10 | B42: 150 | C42: 190
A43: 100000 | B43: 110 | C43: 150
A44: วัสดุอื่น: ชื่อ / ปกติ / ด่วน
A45: โฟโต้เปเปอร์ | B45: 250 | C45: 350
A46: ผ้าแคนวาส | B46: 400 | C46: 550
A47: ผ้าป้าย/Backdrop | B47: 300 | C47: 420

Sheet Offset
A1: คำนวณราคางานพิมพ์ Offset
A2: กรอกช่องเหลือง → ระบบเลือกเครื่องถูกกว่าให้ (ตัด4/ตัด2)
A4: วัสดุ | B4: สติ๊กเกอร์ PVC
A5: แกรม (เฉพาะกระดาษ) | B5: 128
A6: กว้าง (ซม.) | B6: 10
A7: สูง (ซม.) | B7: 10
A8: สีด้านหน้า | B8: 4
A9: สีด้านหลัง (0 = หน้าเดียว) | B9: 0
A10: วิธีพิมพ์ 2 ด้าน | B10: กลับหน้าในตัว
A11: จำนวน (ชิ้น) | B11: 10000
A12: ค่าตกแต่ง/หลังพิมพ์ เพิ่ม (บาท) | B12: 0
A14: ชนิดวัสดุ | B14: =VLOOKUP(B4,Prices!$A$19:$E$34,2,FALSE)
A15: หมึก | B15: =IF(B14="sticker",VLOOKUP(B4,Prices!$A$19:$E$34,5,FALSE),"conventional")
D17: รายละเอียด | E17: ตัด 4 (MO 65×48) | F17: ตัด 2 (SM74 74×53)
D18: n-up (ชิ้น/ใบ) | E18: =MAX(FLOOR((65-1.2)/($B$6+0.6),1)*FLOOR((48-0.7)/($B$7+0.6),1),FLOOR((65-1.2)/($B$7+0.6),1)*FLOOR((48-0.7)/($B$6+0.6),1)) | F18: =MAX(FLOOR((74-1.2)/($B$6+0.6),1)*FLOOR((53-0.7)/($B$7+0.6),1),FLOOR((74-1.2)/($B$7+0.6),1)*FLOOR((53-0.7)/($B$6+0.6),1))
D19: จำนวนสี (เพลท) | E19: =IF(B10="Sheetwise",$B$8+$B$9,IF($B$9=0,$B$8,IF(B10="กลับหน้าในตัว",MAX($B$8,$B$9),$B$8+$B$9))) | F19: =IF(B10="Sheetwise",$B$8+$B$9,IF($B$9=0,$B$8,IF(B10="กลับหน้าในตัว",MAX($B$8,$B$9),$B$8+$B$9)))
D20: ด้านพิมพ์ | E20: =IF($B$9=0,1,2) | F20: =IF($B$9=0,1,2)
D21: ชิ้นสำเร็จ/ใบ | E21: =IF(AND($B$9>0,$B$10="กลับหน้าในตัว"),FLOOR(E18/2,1),E18) | F21: =IF(AND($B$9>0,$B$10="กลับหน้าในตัว"),FLOOR(F18/2,1),F18)
D22: ใบพิมพ์ขั้นต่ำ | E22: =CEILING($B$11/E21,1) | F22: =CEILING($B$11/F21,1)
D23: เผื่อเสีย (ใบ) | E23: =Prices!$B$4*E20 | F23: =Prices!$B$4*F20
D24: ใบพิมพ์รวม | E24: =E22+E23 | F24: =F22+F23
D25: ค่าเพลท | E25: =$B$5*E19 | F25: =$B$6*F19
D26: ค่าพิมพ์ | E26: =(INDEX(Prices!$B$11:$B$14,MATCH("cut4_"&$B$15,Prices!$A$11:$A$14,0))+IF(E24>INDEX(Prices!$C$11:$C$14,MATCH("cut4_"&$B$15,Prices!$A$11:$A$14,0)),(E24-INDEX(Prices!$C$11:$C$14,MATCH("cut4_"&$B$15,Prices!$A$11:$A$14,0)))*INDEX(Prices!$D$11:$D$14,MATCH("cut4_"&$B$15,Prices!$A$11:$A$14,0)),0))*E19 | F26: =(INDEX(Prices!$B$11:$B$14,MATCH("cut2_"&$B$15,Prices!$A$11:$A$14,0))+IF(F24>INDEX(Prices!$C$11:$C$14,MATCH("cut2_"&$B$15,Prices!$A$11:$A$14,0)),(F24-INDEX(Prices!$C$11:$C$14,MATCH("cut2_"&$B$15,Prices!$A$11:$A$14,0)))*INDEX(Prices!$D$11:$D$14,MATCH("cut2_"&$B$15,Prices!$A$11:$A$14,0)),0))*F19
D27: ค่ากระดาษ/วัสดุ | E27: =IF($B$14="paper",(65*48)*$B$5*VLOOKUP($B$4,Prices!$A$19:$E$34,3,FALSE)/10000000*Prices!$B$3*E24,VLOOKUP($B$4,Prices!$A$19:$E$34,4,FALSE)*($B$6*$B$7)*($B$11+E23*E21)) | F27: =IF($B$14="paper",(74*53)*$B$5*VLOOKUP($B$4,Prices!$A$19:$E$34,3,FALSE)/10000000*Prices!$B$3*F24,VLOOKUP($B$4,Prices!$A$19:$E$34,4,FALSE)*($B$6*$B$7)*($B$11+F23*F21))
D28: ค่าตกแต่งเพิ่ม | E28: =$B$12 | F28: =$B$12
D29: รวม (บาท) | E29: =E25+E26+E27+E28 | F29: =F25+F26+F27+F28
A31: แนะนำเครื่อง | B31: =IF(E29<=F29,"ตัด 4 (MO)","ตัด 2 (SM74)")
A32: ราคารวม (ถูกกว่า) | B32: =MIN(E29,F29)
A33: ราคาต่อชิ้น | B33: =MIN(E29,F29)/$B$11
A35: หมายเหตุ: กลับหน้าในตัว (W&T) ใช้เมื่อสีหน้า=สีหลัง; สีต่างกันเลือก Sheetwise
A36: ราคาโดยประมาณ ยังไม่รวม VAT/ค่าจัดส่ง

Sheet Inkjet
A1: คำนวณราคางานอิงค์เจ็ท
A3: วัสดุ | B3: ไวนิล
A4: ความละเอียด (dpi) | B4: 1440
A5: กว้าง (เมตร) | B5: 3
A6: สูง (เมตร) | B6: 1
A7: จำนวน (ป้าย) | B7: 5
A8: งานด่วน | B8: ไม่
A10: พื้นที่รวม (ตร.ม.) | B10: =B5*B6*B7
A11: เรต (บ./ตร.ม.) | B11: =IF(B3="ไวนิล",IF(B10<=Prices!$A$39,IF(B4=1440,Prices!$C$39,Prices!$B$39),IF(B4=1440,Prices!$C$40,Prices!$B$40)),IF(B3="สติ๊กเกอร์ PVC ใหญ่",IF(B10<=Prices!$A$42,IF(B4=1440,Prices!$C$42,Prices!$B$42),IF(B4=1440,Prices!$C$43,Prices!$B$43)),IF(B3="โฟโต้เปเปอร์",IF(B8="ใช่",Prices!$C$45,Prices!$B$45),IF(B3="ผ้าแคนวาส",IF(B8="ใช่",Prices!$C$46,Prices!$B$46),IF(B8="ใช่",Prices!$C$47,Prices!$B$47)))))
A12: ค่างานด่วน (เพิ่ม) | B12: =IF(AND(OR(B3="ไวนิล",B3="สติ๊กเกอร์ PVC ใหญ่"),B8="ใช่",B10>=1,B10<50),IF(B4=1440,50,20)*B10,0)
A14: ราคารวม (บาท) | B14: =B11*B10+B12
A15: ราคาต่อป้าย | B15: =(B11*B10+B12)/B7
